nombre,lugar,monto,fecha
Herrod Meyers,Coevorden,83,08/02/2021
Hayden Navarro,Huế,315,09/21/2023
Alfreda Riley,Santa Rita,479,08/15/2021
Judith Cote,Deventer,417,06/11/2021
Geoffrey Huffman,Weesp,728,03/10/2022
Erich Allison,Ozamiz,44,12/08/2023
Herrod Jennings,Akron,695,08/13/2021
Sara Mooney,Tyumen,440,02/08/2024
Colby Lawrence,Icheon,154,05/02/2024
Olga Andrews,Lillesand,717,09/30/2022
Claire Walker,Andernach,452,05/13/2023
Nash Carrillo,Mohmand Agency,956,06/20/2023
Joelle Quinn,Tampines,444,06/03/2022
Holmes Fischer,Thanh Hóa,734,02/27/2023
Petra Jennings,Volda,609,04/16/2024
Erich Hines,Mala,216,11/18/2021
Octavius Hoffman,Huntly,910,01/04/2023
Gavin Vasquez,Kırıkhan,364,12/25/2022
Joan Mcgowan,Astore,322,11/25/2021
Hall Santiago,Adana,402,02/13/2021
Inga Chandler,Icheon,830,08/07/2022
Charlotte Beard,Irkutsk,729,02/15/2021
Kessie Mathis,Boon Lay,19,07/08/2021
Kamal Colon,Haguenau,751,08/03/2021
Lunea Lindsey,Macquenoise,594,09/18/2021
Stone Bolton,Iquitos,347,01/03/2022
Orlando Norton,Landau,666,01/13/2021
Sheila Flores,Alençon,727,11/06/2021
Herrod Meyers,Khmilnyk,617,01/18/2022
Demetria Blanchard,Chapecó,182,01/13/2022
Tiger Howell,Barkhan,248,07/10/2022
Harding Juarez,Mesa,187,12/16/2023
Tana Navarro,Skövde,473,10/01/2021
Carter Hess,Dyatkovo,210,10/19/2022
Aurora Wall,LouveignŽ,413,02/10/2022
Christine Morrow,Altamura,156,03/21/2021
Meredith Mcneil,Uruapan,865,12/01/2021
Ethan Huff,Georgia,174,01/03/2021
Ferris Pope,Pretoria,42,10/17/2022
Grant Doyle,Çaldıran,50,07/27/2022
Erich Walsh,San Cristóbal de las Casas,442,11/21/2022
Erich Dillard,Tarlac City,46,06/04/2023
Yvonne Banks,Tehuacán,712,04/24/2021
Idona Austin,Avesta,617,03/26/2022
Herrod Meyers,Vernon,416,02/22/2023
Merrill Bentley,Như Quỳnh,684,02/12/2023
Yeo Ramirez,Rae-Edzo,972,08/02/2021
Evan Glass,Gansu,936,02/20/2022
Neville Thomas,New Orleans,842,05/11/2022
Vernon Jensen,Getafe,384,08/26/2022
Preston Joyce,Đông Hà,452,11/29/2022
Drew Garner,Newtown,548,10/28/2022
Melissa Roberson,Tampines,675,02/26/2022
Constance Knox,Hamburg,725,12/21/2021
Brendan Watson,Whangarei,349,10/07/2023
Galvin Faulkner,Galway,396,08/14/2021
Herrod Meyers,Cropalati,101,10/27/2021
Reed Salas,Carmen de Bolivar,245,01/10/2024
Alma Pennington,Pioneer,577,07/12/2022
Chandler Anderson,Kaduna,321,12/19/2021
Chaim Ingram,Sembawang,954,08/24/2022
Leonard Harding,Vorst,803,12/07/2021
Arthur Yang,Dehradun,395,10/16/2021
Emery Lynch,Kraków,966,08/26/2023
Giacomo Atkins,Gwadar,333,01/21/2022
Hakeem Jacobson,Ourense,915,07/25/2022
Iliana Lucas,Basirhat,119,08/07/2021
Akeem Davis,Constantia,758,10/02/2023
Haviva Zimmerman,Cotabato City,822,11/29/2023
Christopher Brock,Kargopol,312,11/29/2022
Nathaniel Snyder,Renaico,901,05/30/2023
Garth Cote,Imphal,179,08/09/2022
Susan Mercado,Chernihiv,521,10/17/2022
Seth Walls,Cerchio,911,07/05/2022
April Miller,Collines-de-l'Outaouais,296,11/29/2022
Hasad Rush,Zoetermeer,32,12/06/2022
Nell Turner,San Andrés,956,01/11/2024
Beverly Donaldson,Changi Bay,707,10/10/2021
Tad Goff,Larvik,164,07/04/2022
Heather Gould,Ceuta,682,11/29/2023
Wade Kelly,Tangub,196,10/29/2022
Zeus Gray,Gliwice,793,12/08/2022
Mira Jensen,Lower Hutt,945,09/05/2022
Christian Arnold,Oslo,156,01/23/2023
Seth Ford,Bhimber,518,05/28/2021
Stephen Garrison,Whitehorse,627,09/08/2023
Colleen Dixon,Ergani,561,02/09/2022
Carla Good,Duitama,227,04/02/2024
Mira Nelson,Canberra,297,12/06/2022
Mira Palmer,Arras,639,06/23/2022
Hasad Serrano,River Valley,623,11/11/2021
Brendan Gay,Veere,773,02/27/2024
Imani Jackson,Illapel,960,10/23/2021
Amal Wolfe,Waidhofen an der Ybbs,962,02/28/2021
Alec Powers,Nova Kakhovka,950,01/28/2023
Finn Day,Olongapo,453,01/22/2023
Brennan Morris,Wellington,143,09/30/2021
Imogene Stevenson,Mahikeng,414,12/15/2021
Flynn Watts,Shanxi,813,07/12/2023
Chastity Holland,Henan,516,04/03/2024
